国民の祝日・休日月日,国民の祝日・休日名称
2019/1/1,元日
2019/1/14,成人の日
2019/2/11,建国記念の日
2019/3/21,春分の日
2019/4/29,昭和の日
2019/4/30,休日
2019/5/1,休日（祝日扱い）
2019/5/2,休日
2019/5/3,憲法記念日
2019/5/4,みどりの日
2019/5/5,こどもの日
2019/5/6,休日
2019/7/15,海の日
2019/8/11,山の日
2019/8/12,休日
2019/9/16,敬老の日
2019/9/23,秋分の日
2019/10/14,体育の日（スポーツの日）
2019/10/22,休日（祝日扱い）
2019/11/3,文化の日
2019/11/4,休日
2019/11/23,勤労感謝の日
2020/1/1,元日
2020/1/13,成人の日
2020/2/11,建国記念の日
2020/2/23,天皇誕生日
2020/2/24,休日
2020/3/20,春分の日
2020/4/29,昭和の日
2020/5/3,憲法記念日
2020/5/4,みどりの日
2020/5/5,こどもの日
2020/5/6,休日
2020/7/23,海の日
2020/7/24,スポーツの日
2020/8/10,山の日
2020/9/21,敬老の日
2020/9/22,秋分の日
2020/11/3,文化の日
2020/11/23,勤労感謝の日
